{
    "rot_xyz2XYZ": [
        [
            -0.014585023811953313,
            -0.9236239791560408,
            0.38302222155948895
        ],
        [
            0.9353006345985256,
            -0.148049806240878,
            -0.3213938048432696
        ],
        [
            0.3535533905932737,
            0.35355339059327373,
            0.8660254037844387
        ]
    ],
    "rot_XYZ2xyz": [
        [
            -0.014585023811953313,
            0.9353006345985255,
            0.3535533905932737
        ],
        [
            -0.9236239791560408,
            -0.148049806240878,
            0.35355339059327373
        ],
        [
            0.38302222155948895,
            -0.3213938048432696,
            0.8660254037844387
        ]
    ]
}